{
  "exports": [],
  "src": [
    "src/**/*.js",
    "build/ol.ext/*.js",
    "build/compiled-examples/all.js"
  ],
  "compile": {
    "js": [
      "externs/olx.js",
      "externs/oli.js"
    ],
    "externs": [
      "externs/bingmaps.js",
      "externs/bootstrap.js",
      "externs/cartodb.js",
      "externs/closure-compiler.js",
      "externs/esrijson.js",
      "externs/example.js",
      "externs/geojson.js",
      "externs/jquery-1.9.js",
      "externs/proj4js.js",
      "externs/tilejson.js",
      "externs/topojson.js"
    ],
    "define": [
      "ol.DEBUG=false"
    ],
    "jscomp_error": [
      "*"
    ],
    "jscomp_off": [
      "lintChecks",
      "analyzerChecks"
    ],
    "extra_annotation_name": [
      "api", "observable"
    ],
    "compilation_level": "ADVANCED",
    "warning_level": "VERBOSE",
    "output_wrapper": "(function(){%output%})();",
    "use_types_for_optimization": true,
    "manage_closure_dependencies": true

  }
}
