{
  "installed": {
    "client_id": "512663622071-mptgi1c7a2p0stu4bo7b4nus0fmur0fs.apps.googleusercontent.com",
    "project_id": "even-metrics-147911",
    "auth_uri": "https://accounts.google.com/o/oauth2/auth",
    "token_uri": "https://accounts.google.com/o/oauth2/token",
    "auth_provider_x509_cert_url": "https://www.googleapis.com/oauth2/v1/certs",
    "client_secret": "isCbWMoG1a6OrnQdeNRxYuOa",
    "redirect_uris": [
      "urn:ietf:wg:oauth:2.0:oob",
      "http://localhost"
    ]
  }
}